<?xml version="1.0" encoding="UTF-8"?>
<project-private xmlns="http://www.netbeans.org/ns/project-private/1">
    <editor-bookmarks xmlns="http://www.netbeans.org/ns/editor-bookmarks/2" lastBookmarkId="0"/>
    <open-files xmlns="http://www.netbeans.org/ns/projectui-open-files/1">
        <file>file:/D:/wftpserver/jdownload-20091102-src/src/LiveConnect.java</file>
        <file>file:/D:/wftpserver/jdownload-20091102-src/src/Explorer.java</file>
        <file>file:/D:/wftpserver/jdownload-20091102-src/src/ControlPanel.java</file>
        <file>file:/D:/wftpserver/jdownload-20091102-src/src/HeaderPanel.java</file>
        <file>file:/D:/wftpserver/jdownload-20091102-src/src/Manager.java</file>
        <file>file:/D:/wftpserver/jdownload-20091102-src/src/EventLogger.java</file>
        <file>file:/D:/wftpserver/jdownload-20091102-src/src/ActionDownload.java</file>
    </open-files>
</project-private>
